Position	Standard_Deviation	Average_Number_Peaks	Count
chr2:47641506-47641642	2.9600647748105748	9.2727272727272734	110
chr4:55598140-55598290	2.2379303668822326	7.604395604395604	91
chr11:102193451-102193586	1.0600096723700108	6.2358490566037732	106
chr11:125490715-125490852	0.84132540902884367	7.5803571428571432	112
chr13:31722592-31722713	0.6921042294790648	6.709090909090909	110
chr14:23652277-23652420	1.4691314125829644	7.4727272727272727	110
